"","Mean.log10.Predator.Mass","Mean.log10.Prey.Mass","Median.log10.Predator.Mass","Median.log10.Prey.Mass","Mean.Predator.Prey.Size.Ratio","Median.Predator.Prey.Size.Ratio"
"insectivorous",0.745913668950076,-0.953625327150486,-0.0184078827859186,-1.35457773065091,757.07916731922,13.6861313868613
"piscivorous",4.2828808532561,1.59351620701611,3.46239799789896,0.789580712164425,12818.5171846913,275
"planktivorous",3.44668811244067,-0.272335610217994,-1.66554624884907,-6.05948351506743,171026.765342572,18500
"predacious",4.01835445754149,1.14555741212281,2.78461729263288,-0.661543506395395,112347.555194972,3987.45901865168
"predacious/piscivorous",2.8834540498319,1.34026168245372,2.77085201164214,1.13353890837022,96.6957828975389,40.8653846153846
